Hulk	001	Message 1	01-10-2020 00:00
IronMan	002	Message 2	01-10-2020 00:00
Thor	003	Message 3	01-10-2020 00:00
Scarlett	004	Message 4	01-10-2020 00:00
Hulk	001	Message 5	02-10-2020 00:00
IronMan	002	Message 6	02-10-2020 00:00
Thor	003	Message 7	02-10-2020 00:00
Scarlett	004	Message 8	02-10-2020 00:00
Hulk	001	Message 9	03-10-2020 00:00
IronMan	002	Message 10	03-10-2020 00:00
Thor	003	Message 11	03-10-2020 00:00
Scarlett	004	Message 12	03-10-2020 00:00
Hulk	001	Message 13	04-10-2020 00:00
IronMan	002	Message 14	04-10-2020 00:00
Thor	003	Message 15	04-10-2020 00:00
Scarlett	004	Message 16	04-10-2020 00:00
Hulk	001	Message 17	05-10-2020 00:00
IronMan	002	Message 18	05-10-2020 00:00
Thor	003	Message 19	05-10-2020 00:00
Scarlett	004	Message 20	05-10-2020 00:00
